ID,發刊日,標題,提供者,文章網址
429,2019/12/09,寫什麼好呢？,蔡佳玲心理師,http://www.counseling.fcu.edu.tw/wSite/public/Attachment/f1575855007381.pdf
428,2019/12/02,關於「失落」這件大事,黃莉棋心理師,http://www.counseling.fcu.edu.tw/wSite/public/Attachment/f1575252036310.pdf
427,2019/11/25,等待通往改變的終點站,張喻婷社工師,http://www.counseling.fcu.edu.tw/wSite/public/Attachment/f1574645117855.pdf
426,2019/11/18,淺談網路成癮,紀娙宜心理師,http://www.counseling.fcu.edu.tw/wSite/public/Attachment/f1574039768404.pdf
425,2019/11/11,短文,齊隆鯤兼任輔導老師,http://www.counseling.fcu.edu.tw/wSite/public/Attachment/f1573435231415.pdf
424,2019/11/04,情緒照顧,蔡韻如社工師,http://www.counseling.fcu.edu.tw/wSite/public/Attachment/f1572830300019.pdf
423,2019/10/28,淺談焦慮症,李俊龍心理師,http://www.counseling.fcu.edu.tw/wSite/public/Attachment/f1572226372442.pdf
422,2019/10/21,對於痛苦的想像力,呂子豪心理師,http://www.counseling.fcu.edu.tw/wSite/public/Attachment/f1571625127526.pdf
421,2019/10/09,你是怕生?害羞?還是社交畏懼症,洪郁婷輔導老師,http://www.counseling.fcu.edu.tw/wSite/public/Attachment/f1570614256798.pdf
420,2019/10/04,讓自己變好,王釋逸兼任心理師,http://www.counseling.fcu.edu.tw/wSite/public/Attachment/f1570179422029.pdf
419,2019/09/27,我學習上有困難，但我不笨——認識學習障礙,陳宜仙輔導老師,http://www.counseling.fcu.edu.tw/wSite/public/Attachment/f1569553722155.pdf
418,2019/09/20,如何與情緒行為障礙學生相處,黃筑鈺輔導老師,http://www.counseling.fcu.edu.tw/wSite/public/Attachment/f1568972728562.pdf
417,2019/09/16,再思同理心,潘才學兼任輔導老師,http://www.counseling.fcu.edu.tw/wSite/public/Attachment/f1568612598772.pdf
416,2019/09/09,「復仇式色情(revenge porn)」，拒絕成為共犯,紀怡安兼任心理師,http://www.counseling.fcu.edu.tw/wSite/public/Attachment/f1567995715737.pdf
415,2019/06/11,跑去當一天志工，心情超複雜,李俊龍心理師,http://www.counseling.fcu.edu.tw/wSite/public/Attachment/f1560217535852.pdf
414,2019/06/03,我有憂鬱症嗎？,紀娙宜心理師,http://www.counseling.fcu.edu.tw/wSite/public/Attachment/f1559525148194.pdf
413,2019/05/24,認識「性別平等意識」,張學善兼任心理師,http://www.counseling.fcu.edu.tw/wSite/public/Attachment/f1558681961718.pdf
412,2019/05/20,為自己演出滿意的生命劇本,孫羽佩心理師,http://www.counseling.fcu.edu.tw/wSite/public/Attachment/f1558315098278.pdf
411,2019/05/10,你走了，我怎麼辦？-悲傷之後,王秋蘋社工師,http://www.counseling.fcu.edu.tw/wSite/public/Attachment/f1557471497734.pdf
410,2019/05/03,自由權與尊重的距離,張喻婷社工師,http://www.counseling.fcu.edu.tw/wSite/public/Attachment/f1556867351467.pdf
409,2019/04/26,美好人生的起手式,蔡佳玲心理師,http://www.counseling.fcu.edu.tw/wSite/public/Attachment/f1556261695241.pdf
408,2019/04/22,做自己的生命設計師,黃莉棋心理師,http://www.counseling.fcu.edu.tw/wSite/public/Attachment/f1555895834241.pdf
407,2019/04/12,我好痛，可以不要再罵我了嗎？,吳若羽社工師,http://www.counseling.fcu.edu.tw/wSite/public/Attachment/f1555039437308.pdf
406,2019/04/08,練習與情緒作伴,呂子豪心理師,http://www.counseling.fcu.edu.tw/wSite/public/Attachment/f1554686440167.pdf
405,2019/03/29,淺談大學生的親密關係暴力,紀怡安兼任心理師,http://www.counseling.fcu.edu.tw/wSite/public/Attachment/f1553840472159.pdf
404,2019/03/23,精神分裂症(Schizophrenia)更名為「思覺失調症」,洪郁婷輔導老師,http://www.counseling.fcu.edu.tw/wSite/public/Attachment/f1553324063007.pdf
403,2019/03/18,不一樣與一樣,陳宜仙輔導老師,http://www.counseling.fcu.edu.tw/wSite/public/Attachment/f1552884600131.pdf
402,2019/03/11,你在網路中出賣了你自己？！,陳玟杏兼任心理師,http://www.counseling.fcu.edu.tw/wSite/public/Attachment/f1552266862908.pdf
401,2019/03/04,拿掉完美濾鏡，面對真實自己,蔡韻如社工師,http://www.counseling.fcu.edu.tw/wSite/public/Attachment/f1551661984674.pdf
400,2019/02/25,一起認識亞斯伯格症,黃筑鈺輔導老師,http://www.counseling.fcu.edu.tw/wSite/public/Attachment/f1551077796415.pdf
399,2019/02/18,成為『創傷』知情人,丁嘉妮兼任心理師,http://www.counseling.fcu.edu.tw/wSite/public/Attachment/f1550453435878.pdf
398,2019/02/13,帶著「害怕」去找「勇氣」,蔡素琴兼任心理師,http://www.counseling.fcu.edu.tw/wSite/public/Attachment/f1550027431025.pdf
397,2019/01/04,認出你自己,黃莉婷兼任輔導老師,http://www.counseling.fcu.edu.tw/wSite/public/Attachment/f1546572542767.pdf
396,2018/12/28,快樂很簡單,齊隆鯤兼任輔導老師,http://www.counseling.fcu.edu.tw/wSite/public/Attachment/f1545964564666.pdf
395,2018/12/21,你如何看待「負面情緒」呢,孫羽佩心理師,http://www.counseling.fcu.edu.tw/wSite/public/Attachment/f1545379355151.pdf
394,2018/12/17,輔具科技在手機APP的應用,洪郁婷輔導老師,http://www.counseling.fcu.edu.tw/wSite/public/Attachment/f1545013397026.pdf
393,2018/12/10,當一個合適的陪伴者,蔡韻如社工師,http://www.counseling.fcu.edu.tw/wSite/public/Attachment/f1544405356811.pdf
392,2018/12/03,聽覺障礙生的辛苦,黃筑鈺輔導老師,http://www.counseling.fcu.edu.tw/wSite/public/Attachment/f1543801087386.pdf
391,2018/11/26,謝謝自己的勇氣,吳若羽社工師,http://www.counseling.fcu.edu.tw/wSite/public/Attachment/f1543196030500.pdf
390,2018/11/19,別忘了愛自己,呂子豪心理師,http://www.counseling.fcu.edu.tw/wSite/public/Attachment/f1542598353006.pdf
389,2018/11/12,走一段身傷心痛的復原幽徑,黃莉棋心理師,http://www.counseling.fcu.edu.tw/wSite/public/Attachment/f1541985959665.pdf
388,2018/11/05,自閉症學生的困擾與因應,陳宜仙輔導老師,http://www.counseling.fcu.edu.tw/wSite/public/Attachment/f1541398800715.pdf
387,2018/10/29,我生病了,王釋逸兼任心理師,http://www.counseling.fcu.edu.tw/wSite/public/Attachment/f1540791651632.pdf
386,2018/10/22,使用網路適度不過度,張喻婷社工師,http://www.counseling.fcu.edu.tw/wSite/public/Attachment/f1540172014321.pdf
385,2018/10/15,生涯議題與親子關係,李俊龍心理師,http://www.counseling.fcu.edu.tw/wSite/public/Attachment/f1539566736232.pdf
384,2018/10/08,同志的親密暴力,紀娙宜心理師,http://www.counseling.fcu.edu.tw/wSite/public/Attachment/f1538960712811.pdf
383,2018/10/01,侏儒不認命,蔡佳玲心理師,http://www.counseling.fcu.edu.tw/wSite/public/Attachment/f1538358096985.pdf
382,2018/09/25,讀書分享；放鬆之書,蔡佳縈兼任心理師,http://www.counseling.fcu.edu.tw/wSite/public/Attachment/f1537841102599.pdf
381,2018/09/17,為好關係「推一把」,潘才學兼任輔導老師,http://www.counseling.fcu.edu.tw/wSite/public/Attachment/f1537148645263.pdf
380,2018/09/10,自卑這種心魔,賴珮柔兼任心理師,http://www.counseling.fcu.edu.tw/wSite/public/Attachment/f1536541598869.pdf
379,2018/06/25,親密關係亮紅燈-如何辨別親密關係暴力,黃莉棋心理師,http://www.counseling.fcu.edu.tw/wSite/public/Attachment/f1529888340712.pdf
378,2018/06/19,如何在公共場合處理孩子的情緒及問題行為,蔡佳縈兼任輔導老師,http://www.counseling.fcu.edu.tw/wSite/public/Attachment/f1529374026888.pdf
377,2018/06/05,CCR行不行？談跨文化親密關係,賴珮柔兼任輔導老師,http://www.counseling.fcu.edu.tw/wSite/public/Attachment/f1528165068961.pdf
376,2018/05/28,用「心」溝通，有「心」無礙,蔡素琴兼任輔導老師,http://www.counseling.fcu.edu.tw/wSite/public/Attachment/f1527499860720.pdf
375,2018/05/21,成癮與人際關係,李俊龍老師,http://www.counseling.fcu.edu.tw/wSite/public/Attachment/f1526881539019.pdf
374,2018/05/14,你擁有多少快樂資本,孫羽佩老師,http://www.counseling.fcu.edu.tw/wSite/public/Attachment/f1526263306545.pdf
373,2018/05/07,自殺防治~傾聽那心靈幽谷的聲音~,張喻婷老師,http://www.counseling.fcu.edu.tw/wSite/public/Attachment/f1525664049103.pdf
372,2018/04/30,告別迷惘，走自己的路,蔡韻如老師,http://www.counseling.fcu.edu.tw/wSite/public/Attachment/f1525051938991.pdf
371,2018/04/23,為什麼有些聰明的人無法閱讀,洪郁婷老師,http://www.counseling.fcu.edu.tw/wSite/public/Attachment/f1524462321806.pdf
370,2018/04/18,陪。自己,黃筑鈺老師,http://www.counseling.fcu.edu.tw/wSite/public/Attachment/f1524042875080.pdf
369,2018/04/09,面對自閉症患者－可以多一分理解與寬容,陳宜仙老師,http://www.counseling.fcu.edu.tw/wSite/public/Attachment/f1523245769387.pdf
368,2018/03/31,杜鄉的微笑,呂子豪老師,http://www.counseling.fcu.edu.tw/wSite/public/Attachment/f1522485384093.pdf
367,2018/03/30,臣服，需要練習,留妘蓁老師,http://www.counseling.fcu.edu.tw/wSite/public/Attachment/f1522375077702.pdf
366,2018/03/19,永恆少年/少女,紀娙宜老師,http://www.counseling.fcu.edu.tw/wSite/public/Attachment/f1521421779302.pdf
365,2018/03/12,『創傷』教會我們的事,丁嘉妮兼任輔導老師,http://www.counseling.fcu.edu.tw/wSite/public/Attachment/f1520818652706.pdf
364,2018/03/05,旅蛙,陳玟杏兼任輔導老師,http://www.counseling.fcu.edu.tw/wSite/public/Attachment/f1520242283480.pdf
363,2018/02/26,羽生結弦「絕對要贏」的氣魄與孤行,蔡佳玲老師,http://www.counseling.fcu.edu.tw/wSite/public/Attachment/f1519637083922.pdf
362,2018/01/15,你可以更快樂!,張學善兼任輔導老師,http://www.counseling.fcu.edu.tw/wSite/public/Attachment/f1515995050784.pdf
361,2018/01/08,陪伴經歷失落經驗者之原則,蔡佳縈兼任輔導老師,http://www.counseling.fcu.edu.tw/wSite/public/Attachment/f1515377233159.pdf
360,2017/12/26,防衛之下，渴望之中，完美管家的啟示,蔡佳玲老師,http://www.counseling.fcu.edu.tw/wSite/public/Attachment/f1514254068483.pdf
359,2017/12/18,道歉也需要學習的,蔡韻如老師,http://www.counseling.fcu.edu.tw/wSite/public/Attachment/f1513559850216.pdf
358,2017/12/11,正念 -飲食靜觀的練習與體會,孫羽佩老師,http://www.counseling.fcu.edu.tw/wSite/public/Attachment/f1512971528527.pdf
357,2017/12/04,在關係中，盡力而為就好,蔡素琴兼任輔導老師,http://www.counseling.fcu.edu.tw/wSite/public/Attachment/f1512356618785.pdf
356,2017/12/04,認識注意力不足過動症(ADHD),洪郁婷老師,http://www.counseling.fcu.edu.tw/wSite/public/Attachment/f1512356523613.pdf
355,2017/12/04,新鮮人的必修課！愛情來了～,丁嘉妮兼任輔導老師,http://www.counseling.fcu.edu.tw/wSite/public/Attachment/f1512352454723.pdf
354,2017/11/17,接納「煩惱」改變一小步,潘才學兼任輔導老師,http://www.counseling.fcu.edu.tw/wSite/public/Attachment/f1510900196400.pdf
353,2017/11/06,網路遊戲與學習投入,李俊龍老師,http://www.counseling.fcu.edu.tw/wSite/public/Attachment/f1509931065060.pdf
352,2017/10/31,恐怖情人退散！戀愛保命符,賴珮柔老師,http://www.counseling.fcu.edu.tw/wSite/public/Attachment/f1509413070072.pdf
351,2017/10/23,酸酸甜甜的滋味,黃筑鈺老師,http://www.counseling.fcu.edu.tw/wSite/public/Attachment/f1508746758480.pdf
350,2017/10/16,親密關係暴力事件發生，如何和學生擬定在校園的安全計畫,張喻婷老師,http://www.counseling.fcu.edu.tw/wSite/public/Attachment/f1508746687371.pdf
349,2017/10/02,接納自己的挫折經驗,紀娙宜老師,http://www.counseling.fcu.edu.tw/wSite/public/Attachment/f1508746586746.pdf
348,2017/09/25,學會為自己負責的機會,呂子豪老師,http://www.counseling.fcu.edu.tw/wSite/public/Attachment/f1506306775618.pdf
347,2017/09/18,好好說分手,留妘蓁老師,http://www.counseling.fcu.edu.tw/wSite/public/Attachment/f1506306658181.pdf
346,2017/06/23,偏鄉小學心理師的反思：貧窮的優勢,李俊龍老師,http://www.counseling.fcu.edu.tw/wSite/public/Attachment/f1498447131579.pdf
345,2017/06/19,孩子擁有「很明理的父母」也為難,黃莉婷兼任輔導老師,http://www.counseling.fcu.edu.tw/wSite/public/Attachment/f1498447010032.pdf
344,2017/06/13,傾聽「標籤」下的聲音,呂子豪老師,http://www.counseling.fcu.edu.tw/wSite/public/Attachment/f1498446847329.pdf
343,2017/06/07,與自己親密深度對話,潘才學兼任輔導老師,http://www.counseling.fcu.edu.tw/wSite/public/Attachment/f1498446730282.pdf
342,2017/06/05,二八定律,齊隆鯤兼任輔導老師,http://www.counseling.fcu.edu.tw/wSite/public/Attachment/f1498446594345.pdf
341,2017/06/01,你有「拒絕」的勇氣嗎？,留妘蓁老師,http://www.counseling.fcu.edu.tw/wSite/public/Attachment/f1498446483001.pdf
340,2017/05/08,自殺的迷思與事實,孫羽佩老師,http://www.counseling.fcu.edu.tw/wSite/public/Attachment/f1498446374548.pdf
338,2017/04/28,認識「遙遠星球的孩子」,洪郁婷老師,http://www.counseling.fcu.edu.tw/wSite/public/Attachment/f1498446266376.pdf
338,2017/04/24,帶著問號的習慣,李鴻傑實習輔導老師,http://www.counseling.fcu.edu.tw/wSite/public/Attachment/f1498441471532.pdf
337,2017/04/17,療癒風吹起，你抒壓了嗎？,陳玟杏兼任輔導老師,http://www.counseling.fcu.edu.tw/wSite/public/Attachment/f1498441358579.pdf
336,2017/04/10,讓生活更快樂的十二個提案,張學善兼任輔導老師,http://www.counseling.fcu.edu.tw/wSite/public/Attachment/f1498441220392.pdf
335,2017/04/06,慢飛,林心婕老師,http://www.counseling.fcu.edu.tw/wSite/public/Attachment/f1491537619034.pdf
334,2017/03/28,我手知我心—療癒系曼陀羅繪畫,賴珮柔兼任輔導老師,http://www.counseling.fcu.edu.tw/wSite/public/Attachment/f1491537498596.pdf
333,2017/03/21,馨．源點~資源教室,林姝伶老師,http://www.counseling.fcu.edu.tw/wSite/public/Attachment/f1490240248220.pdf
332,2017/03/13,生命－允許悲傷,紀娙宜老師,http://www.counseling.fcu.edu.tw/wSite/public/Attachment/f1490240175439.pdf
331,2017/03/07,年輕人能為世界做什麼,張喻婷老師,http://www.counseling.fcu.edu.tw/wSite/public/Attachment/f1488854781389.pdf
330,2017/03/01,優雅的NG和演出者的本職,蔡佳玲老師,http://www.counseling.fcu.edu.tw/wSite/public/Attachment/f1488347434624.pdf
329,2017/01/03,改變的勇氣,黃毓萍老師,http://www.counseling.fcu.edu.tw/wSite/public/Attachment/f1483417945031.pdf
328,2016/12/27,開心樂活，扭轉人生,陳斐娟老師,http://www.counseling.fcu.edu.tw/wSite/public/Attachment/f1483417840546.pdf
327,2016/12/26,什麼是作為一位學生的本份？,黃莉婷老師,http://www.counseling.fcu.edu.tw/wSite/public/Attachment/f1483417746484.pdf
326,2016/12/12,你怎麼那麼生氣,王釋逸老師,http://www.counseling.fcu.edu.tw/wSite/public/Attachment/f1483417649703.pdf
325,2016/12/06,團體的力量,李鴻傑老師,http://www.counseling.fcu.edu.tw/wSite/public/Attachment/f1483417536125.pdf
324,2016/11/29,啟動家庭的力量,張喻婷老師,http://www.counseling.fcu.edu.tw/wSite/public/Attachment/f1483417431671.pdf
323,2016/11/23,暫時不帶評價用心聽,吳祖揚老師,http://www.counseling.fcu.edu.tw/wSite/public/Attachment/f1483417274437.pdf
322,2016/11/14,復原力在教育上的的重要性,張學善老師,http://www.counseling.fcu.edu.tw/wSite/public/Attachment/f1483417041109.pdf
321,2016/11/07,眼淚想說的是…,留妘蓁老師,http://www.counseling.fcu.edu.tw/wSite/public/Attachment/f1483416927984.pdf
320,2016/10/31,放慢腳步讀生活，寫你我。,李鴻傑老師,http://www.counseling.fcu.edu.tw/wSite/public/Attachment/f1483416799015.pdf
319,2016/10/25,讓煩惱成為禮物,潘才學兼任輔導老師,http://www.counseling.fcu.edu.tw/wSite/public/Attachment/f1483415658593.pdf
318,2016/10/17,諮商真的有效嗎？,吳祖揚老師,http://www.counseling.fcu.edu.tw/wSite/public/Attachment/f1483415550750.pdf
317,2016/10/12,還記得，你所擁有的「選擇權」嗎?,留妘蓁老師,http://www.counseling.fcu.edu.tw/wSite/public/Attachment/f1483415434812.pdf
316,2016/10/03,不以外在條件定義自己,黃毓萍老師,http://www.counseling.fcu.edu.tw/wSite/public/Attachment/f1483415244593.pdf
315,2016/06/20,面對困境的心態,黃毓萍老師,http://www.counseling.fcu.edu.tw/wSite/public/Attachment/f1467873594166.pdf
314,2016/06/07,限量的迷思,陳玟杏兼任輔導老師,http://www.counseling.fcu.edu.tw/wSite/public/Attachment/f1467873500006.pdf
313,2016/05/31,在校園中，成家,呂藂乂實習輔導老師,http://www.counseling.fcu.edu.tw/wSite/public/Attachment/f1467873408933.pdf
312,2016/05/23,打開關係的第一步,袁仕慶實習輔導老師,http://www.counseling.fcu.edu.tw/wSite/public/Attachment/f1467873338207.pdf
311,2016/05/17,關於職場性騷擾,吳祖揚老師,http://www.counseling.fcu.edu.tw/wSite/public/Attachment/f1467873192416.pdf
310,2016/04/25,撕下錯誤的標籤,呂藂乂實習輔導老師,http://www.counseling.fcu.edu.tw/wSite/public/Attachment/f1467873092053.pdf
309,2016/04/12,您的心理健康被社會新聞事件影響了嗎？,吳祖揚老師,http://www.counseling.fcu.edu.tw/wSite/public/Attachment/f1467873016197.pdf
308,2016/04/08,謝母恩,潘才學兼任輔導老師,http://www.counseling.fcu.edu.tw/wSite/public/Attachment/f1467872918442.pdf
307,2016/03/22,關係的可貴,陳怡靜老師,http://www.counseling.fcu.edu.tw/wSite/public/Attachment/f1467872814401.pdf
306,2016/03/07,「拒絕」難，不難？,黃毓萍老師,http://www.counseling.fcu.edu.tw/wSite/public/Attachment/f1467872638702.pdf
305,2016/02/24,教育環境中的多元文化,袁仕慶實習輔導老師,http://www.counseling.fcu.edu.tw/wSite/public/Attachment/f1467872523490.pdf
304,2016/01/04,學習「等一下」！,陳玟杏兼任輔導老師,http://www.counseling.fcu.edu.tw/wSite/public/Attachment/f1467872369549.pdf
303,2015/12/22,『最好』的迷思,黃莉婷兼任輔導老師,http://www.counseling.fcu.edu.tw/wSite/public/Attachment/f1467872266811.pdf
302,2015/12/16,豢養的責任,袁仕慶實習輔導老師,http://www.counseling.fcu.edu.tw/wSite/public/Attachment/f1467872158492.pdf
301,2015/12/08,聽見「心靈」的聲音,呂藂乂實習輔導老師,http://www.counseling.fcu.edu.tw/wSite/public/Attachment/f1467872024157.pdf
300,2015/12/04,舞台,潘才學兼任輔導老師,http://www.counseling.fcu.edu.tw/wSite/public/Attachment/f1467872010103.pdf
299,2015/11/23,真的需要就醫嗎？,吳祖揚老師,http://www.counseling.fcu.edu.tw/wSite/public/Attachment/f1448411695058.pdf
298,2015/11/05,吵架總比冷戰好,呂藂乂實習老師,http://www.counseling.fcu.edu.tw/wSite/public/Attachment/f1448411597268.pdf
297,2015/10/28,把自己留在當下,袁仕慶實習老師,http://www.counseling.fcu.edu.tw/wSite/public/Attachment/f1448411503143.pdf
296,2015/10/06,踏進諮商中心，難不難?,林德真老師,http://www.counseling.fcu.edu.tw/wSite/public/Attachment/f1448411402950.pdf
295,2015/09/30,在愛中不忘發展自我,黃毓萍老師,http://www.counseling.fcu.edu.tw/wSite/public/Attachment/f1448411303353.pdf
294,2015/06/08,為什麼要『安心講座』？,黃毓萍老師,http://www.counseling.fcu.edu.tw/wSite/public/Attachment/f1434074797515.pdf
293,2015/06/03,諮商和你想的不一樣,廖婉均實習老師,http://www.counseling.fcu.edu.tw/wSite/public/Attachment/f1434074650640.pdf
292,2015/05/26,事情，有時不是我們想的那樣,黃莉婷兼任輔導老師,http://www.counseling.fcu.edu.tw/wSite/public/Attachment/f1434074562281.pdf
291,2015/05/13,你，「休閒」了嗎？,張學善兼任輔導老師,http://www.counseling.fcu.edu.tw/wSite/public/Attachment/f1434074462203.pdf
290,2015/05/05,「性」是誰人知,林德真老師,http://www.counseling.fcu.edu.tw/wSite/public/Attachment/f1434074369578.pdf
289,2015/04/28,網路霸凌之反思,陳怡靜老師,http://www.counseling.fcu.edu.tw/wSite/public/Attachment/f1434073991750.pdf
288,2015/04/21,戰勝壓力,廖婉均實習老師,http://www.counseling.fcu.edu.tw/wSite/public/Attachment/f1434073887078.pdf
287,2015/04/13,關於轉介,吳祖揚老師,http://www.counseling.fcu.edu.tw/wSite/public/Attachment/f1434073791187.pdf
286,2015/04/10,傾聽與陪伴，讓心情calm down,卓翠玲兼任輔導老師,http://www.counseling.fcu.edu.tw/wSite/public/Attachment/f1434073667296.pdf
285,2015/03/30,父母小心，別讓孩子變成三C控！,陳玟杏兼任輔導老師,http://www.counseling.fcu.edu.tw/wSite/public/Attachment/f1434073561203.pdf
284,2015/03/24,改變,潘才學兼任輔導老師,http://www.counseling.fcu.edu.tw/wSite/public/Attachment/f1434073454312.pdf
283,2015/03/17,真實的眼淚,吳祖揚老師,http://www.counseling.fcu.edu.tw/wSite/public/Attachment/f1434073351171.pdf
282,2015/03/09,只想好好被理解,黃毓萍老師,http://www.counseling.fcu.edu.tw/wSite/public/Attachment/f1434073232671.pdf
281,2015/01/05,接受自己的缺陷是向前邁進的力量,廖婉均實習老師,http://www.counseling.fcu.edu.tw/wSite/public/Attachment/f1434072809890.pdf
280,2014/12/29,擊退寒冬！！！,廖婉均實習老師,http://www.counseling.fcu.edu.tw/wSite/public/Attachment/f1434072704812.pdf
279,2014/12/09,『凍』不住的生命力,林德真老師,http://www.counseling.fcu.edu.tw/wSite/public/Attachment/f1418775274180.pdf
278,2014/12/01,~寬恕~,張學善兼任輔導老師,http://www.counseling.fcu.edu.tw/wSite/public/Attachment/f1418775175977.pdf
277,2014/11/24,思覺失調症,吳祖揚老師,http://www.counseling.fcu.edu.tw/wSite/public/Attachment/f1418775069649.pdf
276,2014/11/18,安慰的力量,廖婉均實習老師,http://www.counseling.fcu.edu.tw/wSite/public/Attachment/f1418774953789.pdf
275,2014/11/10,STOP！別再說「都是為了你好」,黃毓萍老師,http://www.counseling.fcu.edu.tw/wSite/public/Attachment/f1418774851711.pdf
274,2014/11/04,小挑戰成就大自我,林德真老師,http://www.counseling.fcu.edu.tw/wSite/public/Attachment/f1418774741836.pdf
273,2014/10/27,人際衝突之因應,吳祖揚老師,http://www.counseling.fcu.edu.tw/wSite/public/Attachment/f1418774638805.pdf
272,2014/10/21,面對焦慮大作戰,陳怡靜老師,http://www.counseling.fcu.edu.tw/wSite/public/Attachment/f1413957296125.pdf
271,2014/10/13,覺察情緒，開啟新關係,黃毓萍老師,http://www.counseling.fcu.edu.tw/wSite/public/Attachment/f1413957201890.pdf
270,2014/10/06,隨喜,潘才學兼任輔導老師,http://www.counseling.fcu.edu.tw/wSite/public/Attachment/f1413957083921.pdf
269,2014/09/29,擁有的能力,陳玟杏兼任輔導老師,http://www.counseling.fcu.edu.tw/wSite/public/Attachment/f1413956965531.pdf
268,2014/09/23,忙盲茫，STOP－找回安定,卓翠玲兼任輔導老師,http://www.counseling.fcu.edu.tw/wSite/public/Attachment/f1413956865296.pdf
267,2014/06/05,S.P.E.E.D快速讀人法,吳祖揚老師,http://www.counseling.fcu.edu.tw/wSite/public/Attachment/f1404109411953.pdf
266,2014/05/26,走自己的路,黃毓萍老師,http://www.counseling.fcu.edu.tw/wSite/public/Attachment/f1404109301562.pdf
265,2014/05/19,為你的焦慮「下心錨」,莊靜實習老師,http://www.counseling.fcu.edu.tw/wSite/public/Attachment/f1404109202234.pdf
264,2014/05/08,慢慢來，比較快,劉宜欣實習老師,http://www.counseling.fcu.edu.tw/wSite/public/Attachment/f1399602926468.pdf
263,2014/04/29,學習生命中的減法,莊靜實習老師,http://www.counseling.fcu.edu.tw/wSite/public/Attachment/f1399446036461.pdf
262,2014/04/22,許自己一個安定的心,劉宜欣實習老師,http://www.counseling.fcu.edu.tw/wSite/public/Attachment/f1399445955664.pdf
261,2014/04/01,沒空休息嗎？,吳祖揚老師,http://www.counseling.fcu.edu.tw/wSite/public/Attachment/f1399445853445.pdf
260,2014/03/25,老師，您累了嗎？-- 談教師職業倦怠,張學善兼任輔導老師,http://www.counseling.fcu.edu.tw/wSite/public/Attachment/f1396245920421.pdf
259,2014/03/11,找回生命的熱情,黃毓萍老師,http://www.counseling.fcu.edu.tw/wSite/public/Attachment/f1396245808812.pdf
258,2014/03/05,拖延有對治,潘才學兼任輔導老師,http://www.counseling.fcu.edu.tw/wSite/public/Attachment/f1396245375468.pdf
257,2014/02/24,慢活減壓的藝術－專注在當下,卓翠玲兼任輔導老師,http://www.counseling.fcu.edu.tw/wSite/public/Attachment/f1393208177474.pdf
256,2014/01/02,關於罵髒話，我是這樣教孩子,黃莉婷兼任輔導老師,http://www.counseling.fcu.edu.tw/wSite/public/Attachment/f1393207130470.pdf
255,2013/12/26,放手才能獲得更多,卓翠玲兼任輔導老師,http://www.counseling.fcu.edu.tw/wSite/public/Attachment/f1393207039251.pdf
254,2013/12/16,改變環境之前，先改變心境,劉宜欣實習老師,http://www.counseling.fcu.edu.tw/wSite/public/Attachment/f1387862930125.pdf
253,2013/12/03,擁抱內在小孩,莊靜實習老師,http://www.counseling.fcu.edu.tw/wSite/public/Attachment/f1387862845203.pdf
252,2013/11/26,掌握目標，遠離焦慮：80－20的思考法則,劉宜欣實習老師,http://www.counseling.fcu.edu.tw/wSite/public/Attachment/f1387862769031.pdf
251,2013/11/11,遠離危險情人,黃毓萍老師,http://www.counseling.fcu.edu.tw/wSite/public/Attachment/f1387862666796.pdf
251,2013/11/05,用不一樣的視野去看見......,陳怡靜老師,http://www.counseling.fcu.edu.tw/wSite/public/Attachment/f1387862551687.pdf
250,2013/10/22,建立習慣，好～難？,陳玟杏兼任輔導老師,http://www.counseling.fcu.edu.tw/wSite/public/Attachment/f1387862455687.pdf
249,2013/10/14,網路虛擬世界的安全？,黃毓萍老師,http://www.counseling.fcu.edu.tw/wSite/public/Attachment/f1387862340218.pdf
248,2013/10/09,難過，也可以很好,陳怡靜老師,http://www.counseling.fcu.edu.tw/wSite/public/Attachment/f1387862245781.pdf
247,2013/09/30,做就對了,潘才學兼任輔導老師,http://www.counseling.fcu.edu.tw/wSite/public/Attachment/f1387862138281.pdf
246,2013/09/26,眼睛洩露的秘密,莊靜實習輔導老師,http://www.counseling.fcu.edu.tw/wSite/public/Attachment/f1387862040953.pdf
245,2013/09/24,挫折，是改變的力量,林德真老師,http://www.counseling.fcu.edu.tw/wSite/public/Attachment/f1387861936031.pdf
244,2013/06/19,照顧學生，照顧自己,杞佳泰兼任輔導老師,http://www.counseling.fcu.edu.tw/wSite/public/Attachment/f1371632381593.pdf
243,2013/06/19,美,齊隆鯤兼任輔導老師,http://www.counseling.fcu.edu.tw/wSite/public/Attachment/f1371632488109.pdf
242,2013/06/19,「捨不得」之自我整理,陳斐娟兼任輔導老師,http://www.counseling.fcu.edu.tw/wSite/public/Attachment/f1371632591796.pdf
241,2013/05/31,成長與責任,曾牧臣兼任輔導老師,http://www.counseling.fcu.edu.tw/wSite/public/Attachment/f1369964982578.pdf
240,2013/05/31,「思考」讓人不盲從,陳怡靜老師,http://www.counseling.fcu.edu.tw/wSite/public/Attachment/f1369965135109.pdf
239,2013/05/31,大學生拖延習性之輔導策略,張學善兼任輔導老師,http://www.counseling.fcu.edu.tw/wSite/public/Attachment/f1369965333500.pdf
238,2013/05/31,喝杯茶（TEA），壓力easy go,卓翠玲兼任輔導老師,http://www.counseling.fcu.edu.tw/wSite/public/Attachment/f1369965440125.pdf
234,2013/05/07,「植物」教會我的事,陳怡靜老師,http://www.counseling.fcu.edu.tw/wSite/public/Attachment/f1367916507979.pdf
235,2013/05/07,自信，來自於欣賞,黃毓萍老師,http://www.counseling.fcu.edu.tw/wSite/public/Attachment/f1367916621135.pdf
236,2013/05/07,應用「心錨」打造自信,曾牧臣實習輔導老師,http://www.counseling.fcu.edu.tw/wSite/public/Attachment/f1367916780557.pdf
237,2013/05/07,從一部電影「星星的孩子」談孩子,杞佳泰實習老師,http://www.counseling.fcu.edu.tw/wSite/public/Attachment/f1367917064776.pdf
232,2013/04/03,我的老師,吳祖揚老師,http://www.counseling.fcu.edu.tw/wSite/public/Attachment/f1364952645423.pdf
233,2013/04/03,快樂學習≠輕鬆學習,黃莉婷兼任輔導老師,http://www.counseling.fcu.edu.tw/wSite/public/Attachment/f1364952796626.pdf
231,2013/03/21,當『吃』變成無法控制的一件事,林德真老師,http://www.counseling.fcu.edu.tw/wSite/public/Attachment/f1363833511482.pdf
230,2013/03/19,捨憂去煩,潘才學兼任輔導老師,http://www.counseling.fcu.edu.tw/wSite/public/Attachment/f1363661821906.pdf
229,2013/03/06,孩子，生活沒那麼簡單！,陳玟杏兼任輔導老師,http://www.counseling.fcu.edu.tw/wSite/public/Attachment/f1362560186805.pdf
228,2013/02/26,繩力女孩—從電影『志氣』談生命教育,林德真老師,http://www.counseling.fcu.edu.tw/wSite/public/Attachment/f1361865158973.pdf
227,2013/01/15,兩難的抉擇,曾牧臣實習輔導老師,http://www.counseling.fcu.edu.tw/wSite/public/Attachment/f1358239513741.pdf
226,2013/01/07,小確幸,齊隆鯤兼任輔導老師,http://www.counseling.fcu.edu.tw/wSite/public/Attachment/f1358144905227.pdf
225,2013/01/03,有些事現在不做，一輩子都不會做了：改變自我的勇氣,陳斐娟兼任輔導老師,http://www.counseling.fcu.edu.tw/wSite/public/Attachment/f1358144807993.pdf
224,2012/12/24,別怕，只要聽我說,黃莉婷兼任輔導老師,http://www.counseling.fcu.edu.tw/wSite/public/Attachment/f1358144529680.pdf
223,2012/12/19,多元文化的社會,杞佳泰實習輔導老師,http://www.counseling.fcu.edu.tw/wSite/public/Attachment/f1358144448321.pdf
222,2012/12/10,喜歡？愛？,曾牧臣實習輔導老師,http://www.counseling.fcu.edu.tw/wSite/public/Attachment/f1358144331149.pdf
221,2012/12/03,除了工作以外的生活，您擁有的是......,陳怡靜老師,http://www.counseling.fcu.edu.tw/wSite/public/Attachment/f1358144179493.pdf
220,2012/11/28,搶救生命大作戰,吳祖揚老師,http://www.counseling.fcu.edu.tw/wSite/public/Attachment/f1358144013899.pdf
219,2012/11/22,大學生拖延習性探討,張學善兼任輔導老師,http://www.counseling.fcu.edu.tw/wSite/public/Attachment/f1358143868571.pdf
218,2012/11/14,幫助那些，幫助他們自己的人,林德真老師,http://www.counseling.fcu.edu.tw/wSite/public/Attachment/f1358143590180.pdf
217,2012/11/05,「你快樂嗎？」,杞佳泰實習諮商老師,http://www.counseling.fcu.edu.tw/wSite/public/Attachment/f1358143360508.pdf
216,2012/10/31,帶著天使走天籟步道,林德真老師,http://www.counseling.fcu.edu.tw/wSite/public/Attachment/f1358143206446.pdf
215,2012/10/25,創造滿意的人際關係-「自我肯定訓練」,黃毓萍老師,http://www.counseling.fcu.edu.tw/wSite/public/Attachment/f1358142981133.pdf
214,2012/10/15,健康˙無價,吳祖揚老師,http://www.counseling.fcu.edu.tw/wSite/public/Attachment/f1350348653848.pdf
213,2012/10/08,空巢期的父母心事,陳玟杏兼任輔導老師,http://www.counseling.fcu.edu.tw/wSite/public/Attachment/f1350002046849.pdf
212,2012/09/24,「利他」快樂,潘才學兼任輔導老師,http://www.counseling.fcu.edu.tw/wSite/public/Attachment/f1348468325656.pdf
211,2012/09/17,發現生活中的小確幸,黃毓萍老師,http://www.counseling.fcu.edu.tw/wSite/public/Attachment/f1348468403531.pdf
210,2012/06/13,正視隱形暴力,黃毓萍老師,http://www.counseling.fcu.edu.tw/wSite/public/Attachment/f1339653842664.pdf
209,2012/06/04,你陷入愛情海了嗎？,齊隆鯤兼任輔導老師,http://www.counseling.fcu.edu.tw/wSite/public/Attachment/f1338860557692.pdf
208,2012/05/21,不急、不慌，學習可以是一輩子,黃莉婷兼任輔導老師,http://www.counseling.fcu.edu.tw/wSite/public/Attachment/f1337571135567.pdf
207,2012/05/15,班級活動變有趣-圓夢家遊戲盤,吳祖揚老師,http://www.counseling.fcu.edu.tw/wSite/public/Attachment/f1337571322395.pdf
206,2012/05/10,Help me!克服自我挫敗的困境,劉香伶實習輔導老師,http://www.counseling.fcu.edu.tw/wSite/public/Attachment/f1336618533018.pdf
205,2012/04/30,完美人生,許家綺實習諮商老師,http://www.counseling.fcu.edu.tw/wSite/public/Attachment/f1335936125815.pdf
204,2012/04/23,精算人生—小資人生向前衝！,許家綺實習諮商老師,http://www.counseling.fcu.edu.tw/wSite/public/Attachment/f1335248181728.pdf
203,2012/04/17,分手時，該怎麼說再見?,劉香伶實習諮商老師,http://www.counseling.fcu.edu.tw/wSite/public/Attachment/f1334713153005.pdf
202,2012/04/09,第三種選擇,吳祖揚老師,http://www.counseling.fcu.edu.tw/wSite/public/Attachment/f1334133779653.pdf
201,2012/03/26,令人忽視的無形傷害,林德真老師,http://www.counseling.fcu.edu.tw/wSite/public/Attachment/f1332743563749.pdf
200,2012/03/19,「生理回饋儀」─您可以更了解它,黃毓萍老師,http://www.counseling.fcu.edu.tw/wSite/public/Attachment/f1332138451284.pdf
199,2012/03/12,支持孩子的興趣,陳玟杏兼任輔導老師,http://www.counseling.fcu.edu.tw/wSite/public/Attachment/f1331686491578.pdf
198,2012/03/06,淺談自由主義女性主義,潘才學兼任輔導老師,http://www.counseling.fcu.edu.tw/wSite/public/Attachment/f1331018562555.pdf
197,2012/02/29,你今天「林書豪」了嗎,邱瓊慧兼任輔導老師,http://www.counseling.fcu.edu.tw/wSite/public/Attachment/f1330492760151.pdf
196,2012/02/21,「慢吃、慢活」新生活態度,陳怡靜老師,http://www.counseling.fcu.edu.tw/wSite/public/Attachment/f1329811697843.pdf
195,2012/01/09,陪伴學生發現自己的好,吳祖揚老師,http://www.counseling.fcu.edu.tw/wSite/public/Attachment/f1326337567051.pdf
194,2012/01/02,我就是不勇敢,黃莉婷老師,http://www.counseling.fcu.edu.tw/wSite/public/Attachment/f1325476039660.pdf
193,2011/12/26,時間管理,齊隆鯤老師,http://www.counseling.fcu.edu.tw/wSite/public/Attachment/f1325037885515.pdf
192,2011/12/19,我不要再考焦了,林德真老師,http://www.counseling.fcu.edu.tw/wSite/public/Attachment/f1324351741515.pdf
191,2011/12/13,少一分鐘的工作，多十倍的關心,劉香伶實習老師,http://www.counseling.fcu.edu.tw/wSite/public/Attachment/f1323767427040.pdf
190,2011/12/05,沉默，也是一種暴力,陳怡靜老師,http://www.counseling.fcu.edu.tw/wSite/public/Attachment/f1323767314868.pdf
189,2011/11/28,真實的快樂,張學善老師,http://www.counseling.fcu.edu.tw/wSite/public/Attachment/f1322469810160.pdf
188,2011/11/21,我還能做什麼？,許家綺實習老師,http://www.counseling.fcu.edu.tw/wSite/public/Attachment/f1321849523671.pdf
187,2011/11/17,帶著自己出走,許家綺實習諮商師老師,http://www.counseling.fcu.edu.tw/wSite/public/Attachment/f1321849399281.pdf
186,2011/11/08,學業沒有成就感等於沒能力？,林德真老師,http://www.counseling.fcu.edu.tw/wSite/public/Attachment/f1321849190437.pdf
185,2011/10/31,自我認定再出發,潘才學老師,http://www.counseling.fcu.edu.tw/wSite/public/Attachment/f1320286246937.pdf
184,2011/10/24,生涯猶豫之探討,陳斐娟老師,http://www.counseling.fcu.edu.tw/wSite/public/Attachment/f1319441158578.pdf
183,2011/10/17,為什麼學生沒有按照劇本演出?,劉香伶實習諮商老師,http://www.counseling.fcu.edu.tw/wSite/public/Attachment/f1319164154844.pdf
182,2011/10/13,0.8哲學,黃毓萍老師,http://www.counseling.fcu.edu.tw/wSite/public/Attachment/f1318757307078.pdf
181,2011/10/05,做情緒的主人,陳玟杏老師,http://www.counseling.fcu.edu.tw/wSite/public/Attachment/f1317796444875.pdf
180,2011/09/26,獅子與長頸鹿,邱瓊慧老師,http://www.counseling.fcu.edu.tw/wSite/public/Attachment/f1317265135141.pdf
179,2011/09/22,好一個『不方便』的生活,陳怡靜老師,http://www.counseling.fcu.edu.tw/wSite/public/Attachment/f1317265027266.pdf
178,2011/06/07,沒有夢想及目標的人生,黃莉婷老師,http://www.counseling.fcu.edu.tw/wSite/public/Attachment/f1307495763739.pdf
177,2011/05/30,老師，今天的課很無聊,陳怡婷老師,http://www.counseling.fcu.edu.tw/wSite/public/Attachment/f1306974539221.pdf
176,2011/05/23,壓力！助力！,齊隆鯤老師,http://www.counseling.fcu.edu.tw/wSite/public/Attachment/f1306196798926.pdf
175,2011/05/16,不同的眼光,實習諮商心理師陳俐穎老師,http://www.counseling.fcu.edu.tw/wSite/public/Attachment/f1305594433997.pdf
174,2011/05/09,你累了嗎？-- 談教師的自我照顧,張學善老師,http://www.counseling.fcu.edu.tw/wSite/public/Attachment/f1304910110577.pdf
173,2011/05/02,圍城．成為,潘才學老師,http://www.counseling.fcu.edu.tw/wSite/public/Attachment/f1304638807358.pdf
172,2011/04/25,永遠不嫌晚,實習諮商心理師陳俐穎老師,http://www.counseling.fcu.edu.tw/wSite/public/Attachment/f1303782662806.pdf
171,2011/04/20,Children see  Children do,陳怡靜老師,http://www.counseling.fcu.edu.tw/wSite/public/Attachment/f1303439543431.pdf
170,2011/04/11,寫自己的心願清單,陳怡婷老師,http://www.counseling.fcu.edu.tw/wSite/public/Attachment/f1302846769345.pdf
170,2011/04/08,強震後的安心關懷-讓愛無遠弗屆,林德真老師,http://www.counseling.fcu.edu.tw/wSite/public/Attachment/f1302242594371.pdf
169,2011/03/29,災難帶來的心理焦慮,陳玟杏老師,http://www.counseling.fcu.edu.tw/wSite/public/Attachment/f1301470128729.pdf
168,2011/03/21,強震後的安心關懷—避免媒體的負向影響,林德真老師,http://www.counseling.fcu.edu.tw/wSite/public/Attachment/f1300933649965.pdf
167,2011/03/14,挫折，也是一種成長,黃毓萍老師,http://www.counseling.fcu.edu.tw/wSite/public/Attachment/f1300933520892.pdf
166,2011/03/08,鐵口與鐵齒,邱瓊慧老師,http://www.counseling.fcu.edu.tw/wSite/public/Attachment/f1299826553684.pdf
165,2011/03/02,記憶中的手工味,陳怡靜老師,http://www.counseling.fcu.edu.tw/wSite/public/Attachment/f1299197078408.pdf
164,2011/02/22,為自己的情緒負責,黃毓萍老師,http://www.counseling.fcu.edu.tw/wSite/public/Attachment/f1299196945440.pdf
163,2011/01/13,『綠種子，找樂子』,林德真老師,http://www.counseling.fcu.edu.tw/wSite/public/Attachment/f1295075711328.pdf
162,2011/01/04,煩惱一定要說出來嗎？尊重每個人面對困境的方式！,黃莉婷老師,http://www.counseling.fcu.edu.tw/wSite/public/Attachment/f1295075562626.pdf
161,2010/12/29,轉念之間,齊隆鯤老師,http://www.counseling.fcu.edu.tw/wSite/public/Attachment/f1293522368936.pdf
160,2010/12/22,校園霸凌知多少？,張學善老師,http://www.counseling.fcu.edu.tw/wSite/public/Attachment/f1293522208817.pdf
159,2010/12/15,見證生命的美麗,實習諮商心理師林雅涵老師,http://www.counseling.fcu.edu.tw/wSite/public/Attachment/f1293522011893.pdf
158,2010/12/08,生命驟逝之後……,陳怡靜老師,http://www.counseling.fcu.edu.tw/wSite/public/Attachment/f1293520999198.pdf
157,2010/12/01,誰才是真正的加害者?,實習諮商心理師陳俐穎老師,http://www.counseling.fcu.edu.tw/wSite/public/Attachment/f1291623171330.pdf
156,2010/11/22,全家瘋「集點」,陳玟杏老師,http://www.counseling.fcu.edu.tw/wSite/public/Attachment/f1291622937705.pdf
155,2010/11/16,網路遊戲中的自我實現？？,王釋逸老師,http://www.counseling.fcu.edu.tw/wSite/public/Attachment/f1291622761398.pdf
154,2010/11/08,性，是因為愛？,實習諮商心理師,http://www.counseling.fcu.edu.tw/wSite/public/Attachment/f1289530597833.pdf
153,2010/11/01,有一個人關心你【導師關懷學生的秘笈~下篇】,陳怡婷、黃毓萍老師,http://www.counseling.fcu.edu.tw/wSite/public/Attachment/f1289530045726.pdf
152,2010/10/25,有一個人關心你【導師關懷學生的秘笈~上篇】,心理師,http://www.counseling.fcu.edu.tw/wSite/public/Attachment/f1288142512402.pdf
151,2010/10/20,一生受用的禮物,陳怡靜老師,http://www.counseling.fcu.edu.tw/wSite/public/Attachment/f1287536390900.pdf
150,2010/10/11,憂鬱還在，只是我的世界更大了,邱瓊慧老師,http://www.counseling.fcu.edu.tw/wSite/public/Attachment/f1286950914246.pdf
149,2010/10/06,性。你願意嗎？我願意,林德真老師,http://www.counseling.fcu.edu.tw/wSite/public/Attachment/f1286444841064.pdf
148,2010/09/28,假日有機農夫市集,潘才學老師,http://www.counseling.fcu.edu.tw/wSite/public/Attachment/f1285635638509.pdf
147,2010/09/20,「第一次」的性，幸福？不幸福？,黃毓萍老師,http://www.counseling.fcu.edu.tw/wSite/public/Attachment/f1285635463473.pdf
146,2010/09/13,「心生，性」系列報導,陳怡靜老師,http://www.counseling.fcu.edu.tw/wSite/public/Attachment/f1285634723485.pdf
145,2010/06/07,學會放手，讓孩子自在翱翔,林雅涵老師,http://www.counseling.fcu.edu.tw/wSite/public/Attachment/f1275957734631.pdf
144,2010/06/01,專注的力量,陳怡靜老師,http://www.counseling.fcu.edu.tw/wSite/public/Attachment/f1275356309127.pdf
143,2010/05/27,你，網路成癮了嗎？,林雅涵老師,http://www.counseling.fcu.edu.tw/wSite/public/Attachment/f1275355999348.pdf
142,2010/05/24,讓靈魂跟上您的腳步,黃毓萍老師,http://www.counseling.fcu.edu.tw/wSite/public/Attachment/f1274748037331.pdf
141,2010/05/10,聽．說,林德真老師,http://www.counseling.fcu.edu.tw/wSite/public/Attachment/f1273710061236.pdf
140,2010/05/03,走過悲傷─讓心不再傷！,黃毓萍老師,http://www.counseling.fcu.edu.tw/wSite/public/Attachment/f1272952199043.pdf
139,2010/04/26,找回「當下」,陳怡靜老師,http://www.counseling.fcu.edu.tw/wSite/public/Attachment/f1272420039837.pdf
139,2010/04/19,聲音—不容忽視的影響力,林德真老師,http://www.counseling.fcu.edu.tw/wSite/public/Attachment/f1271812124913.pdf
138,2010/04/12,「潮語」知多少？,張學善老師,http://www.counseling.fcu.edu.tw/wSite/public/Attachment/f1271055295023.pdf
137,2010/03/29,從失落中看見美好,王釋逸老師,http://www.counseling.fcu.edu.tw/wSite/public/Attachment/f1269906597282.pdf
136,2010/03/22,和自己更靠近，發覺肢體的密碼,傅珮滋實習諮商老師,http://www.counseling.fcu.edu.tw/wSite/public/Attachment/f1269243188635.pdf
135,2010/03/15,為自己找位貴人,潘才學老師,http://www.counseling.fcu.edu.tw/wSite/public/Attachment/f1268700649271.pdf
134,2010/03/08,打造自己專屬的「療癒系」空間,傅珮滋實習諮商老師,http://www.counseling.fcu.edu.tw/wSite/public/Attachment/f1268116190250.pdf
133,2010/03/01,你是人生的受害者還是主導者,邱瓊慧老師,http://www.counseling.fcu.edu.tw/wSite/public/Attachment/f1267428163560.pdf
132,2010/02/22,逢甲人心中的品德是…,林德真老師,http://www.counseling.fcu.edu.tw/wSite/public/Attachment/f1267002472667.pdf
131,2010/01/11,會痛的不是愛！告別危險情人！,陳怡靜老師,http://www.counseling.fcu.edu.tw/wSite/public/Attachment/f1263196571968.pdf
130,2010/01/04,壓力與調適,蘇慧玲老師,http://www.counseling.fcu.edu.tw/wSite/public/Data/f1262738172361.pdf
129,2009/12/28,現代人的壓力調適—以面對新流感為例,陳斐娟老師,http://www.counseling.fcu.edu.tw/wSite/public/Data/f1262048684887.pdf
128,2009/12/21,何謂「毒品音樂」？,張學善老師,http://www.counseling.fcu.edu.tw/wSite/public/Data/f1261443448647.pdf
127,2009/12/14,喚醒內心小強精神，我做得到嗎？,林德真老師,http://www.counseling.fcu.edu.tw/wSite/public/Data/f1260855345489.pdf
126,2009/12/07,「性別」教給我的事~,黃毓萍老師,http://www.counseling.fcu.edu.tw/wSite/public/Data/f1260173528565.pdf
125,2009/11/30,在2012落幕之後~,黃毓萍老師,http://www.counseling.fcu.edu.tw/wSite/public/Data/f1259549838536.pdf
124,2009/11/24,還記得她說的話……,陳怡靜老師,http://www.counseling.fcu.edu.tw/wSite/public/Data/f1259041467644.pdf
123,2009/11/16,Hi~ 便利貼女/男孩,林佳蓉實習諮商老師,http://www.counseling.fcu.edu.tw/wSite/public/Data/f1258359774425.pdf
122,2009/11/09,愛情特搜隊(2)—健康的愛情關係,傅珮滋實習諮商老師,http://www.counseling.fcu.edu.tw/wSite/public/Data/f1257816632935.pdf
121,2009/11/02,愛情特搜隊(1)--危險情人靠邊站,傅珮滋實習諮商老師,http://www.counseling.fcu.edu.tw/wSite/public/Data/f1257208354305.pdf
120,2009/10/26,諮商中的譬喻故事－土壤與園丁,邱瓊慧老師,http://www.counseling.fcu.edu.tw/wSite/public/Data/f1256606260223.pdf
119,2009/10/19,欣賞對方背影,潘才學老師,http://www.counseling.fcu.edu.tw/wSite/public/Data/f1255930501034.pdf
118,2009/10/12,六十六天的好習慣,林佳蓉實習諮商老師,http://www.counseling.fcu.edu.tw/wSite/public/Data/f1255328762645.pdf
117,2009/10/05,最新出爐  大學必修課『五大昆蟲學』,林德真老師,http://www.counseling.fcu.edu.tw/wSite/public/Data/f1254722858844.pdf
116,2009/09/28,讓大腦快樂的小秘密,陳怡靜老師,http://www.counseling.fcu.edu.tw/wSite/public/Data/f1254122288292.pdf
115,2009/09/21,面對H1N1的心理調適之道,王釋逸老師,http://www.counseling.fcu.edu.tw/wSite/public/Data/f1253519559957.pdf
114,2009/09/15,提升身體免疫力的心情放鬆操,陳怡婷老師,http://www.counseling.fcu.edu.tw/wSite/public/Data/f1253001481944.pdf
113,2009/06/15,因應「H1N1新型流感」，您可以……,陳怡靜老師,http://www.counseling.fcu.edu.tw/wSite/public/Data/f1247713518737.pdf
112,2009/06/08,抒解挫折之道,齊隆鯤老師,http://www.counseling.fcu.edu.tw/wSite/public/Data/f1247713658671.pdf
111,2009/06/01,認識「暴食症」,張學善老師,http://www.counseling.fcu.edu.tw/wSite/public/Data/f1247713796560.pdf
110,2009/05/23,沒有輸贏的拔河比賽,王釋逸老師,http://www.counseling.fcu.edu.tw/wSite/public/Data/f1247713898688.pdf
109,2009/05/20,被排擠也可能是好事,陳怡婷老師,http://www.counseling.fcu.edu.tw/wSite/public/Data/f1247713977550.pdf
108,2009/05/18,夜間的探索之旅,林佳蓉實習諮商老師,http://www.counseling.fcu.edu.tw/wSite/public/Data/f1247714084692.pdf
107,2009/05/04,不同角度，重「心」出發,黃宛姿實習老師,http://www.counseling.fcu.edu.tw/wSite/public/Data/f1247714207927.pdf
106,2009/04/27,菟絲花與橡樹,林佳蓉實習諮商老師,http://www.counseling.fcu.edu.tw/wSite/public/Data/f1247714279757.pdf
105,2009/04/17,書堆中的溫暖,游敏玲老師,http://www.counseling.fcu.edu.tw/wSite/public/Data/f1247714597012.pdf
104,2009/04/14,和身體談心,黃宛姿實習諮商老師,http://www.counseling.fcu.edu.tw/wSite/public/Data/f1247714686977.pdf
103,2009/04/07,快樂的充電族,潘才學老師,http://www.counseling.fcu.edu.tw/wSite/public/Data/f1247714888828.pdf
102,2009/03/31,What is counseling for？,邱瓊慧老師,http://www.counseling.fcu.edu.tw/wSite/public/Data/f1247714997360.pdf
101,2009/03/23,「花婆婆」的快樂,陳怡靜老師,http://www.counseling.fcu.edu.tw/wSite/public/Data/f1247715084222.pdf
100,2009/03/13,他用生命教會我的事,王釋逸老師,http://www.counseling.fcu.edu.tw/wSite/public/Data/f1247715177702.pdf
099,2009/03/13,好好生氣,陳怡婷老師,http://www.counseling.fcu.edu.tw/wSite/public/Data/f1247715262538.pdf
097,2009/03/05,動一動，讓「心」收一收,陳怡靜老師,http://www.counseling.fcu.edu.tw/wSite/public/Data/f1247715428145.pdf
096,2009/03/05,選擇的快樂,陳怡婷老師,http://www.counseling.fcu.edu.tw/wSite/public/Data/f1247715500883.pdf
098,2009/03/05,當諮商師遇到諮商師,游敏玲老師,http://www.counseling.fcu.edu.tw/wSite/public/Data/f1247715343138.pdf
095,2008/12/22,提昇教師情緒智慧的幾種方法,張學善老師,http://www.counseling.fcu.edu.tw/wSite/public/Data/f1247715611936.pdf
094,2008/12/15,讓陪伴，成為嚴冬裡熱騰騰的火鍋,黃宛姿老師,http://www.counseling.fcu.edu.tw/wSite/public/Data/f1247715691414.pdf
093,2008/12/08,I Hate You!!!—淺談「仇恨」心理學,王大維老師,http://www.counseling.fcu.edu.tw/wSite/public/Data/f1247715766965.pdf
092,2008/11/28,好好哭吧,游敏玲老師,http://www.counseling.fcu.edu.tw/wSite/public/Data/f1247715855092.pdf
091,2008/11/26,淺談自殺防治,陳斐娟老師,http://www.counseling.fcu.edu.tw/wSite/public/Data/f1247715919693.pdf
090,2008/11/17,另一種勇敢,王釋逸老師,http://www.counseling.fcu.edu.tw/wSite/public/Data/f1247715989266.pdf
089,2008/11/10,遇見Teens’“幸福9號”,陳怡靜老師,http://www.counseling.fcu.edu.tw/wSite/public/Data/f1247716070852.pdf
088,2008/11/04,保有自我,潘才學老師,http://www.counseling.fcu.edu.tw/wSite/public/Data/f1247716145629.pdf
087,2008/10/27,「新草莓族」之生存之道,黃宛姿實習諮商老師,http://www.counseling.fcu.edu.tw/wSite/public/Data/f1247716213960.pdf
086,2008/10/20,讓你的壓力 三七五減租,陳怡婷、陳怡靜老師,http://www.counseling.fcu.edu.tw/wSite/public/Data/f1247716291035.pdf
085,2008/10/13,真正的完美主義者,游敏玲老師,http://www.counseling.fcu.edu.tw/wSite/public/Data/f1247716372302.pdf
084,2008/10/06,Let’s clean up the mess,邱瓊慧老師,http://www.counseling.fcu.edu.tw/wSite/public/Data/f1247716457881.pdf
083,2008/09/30,舌吻無罪？談性自主權,王釋逸老師,http://www.counseling.fcu.edu.tw/wSite/public/Data/f1247716705306.pdf
082,2008/09/24,新生活哲學─享受慢活,陳怡靜老師,http://www.counseling.fcu.edu.tw/wSite/public/Data/f1247722357148.pdf
081,2008/09/15,吸氣，平靜～吐氣，微笑,陳怡婷老師,http://www.counseling.fcu.edu.tw/wSite/public/Data/f1247722430970.pdf
080,2008/09/08,97學年度開心首篇—遇見新世界,游敏玲老師,http://www.counseling.fcu.edu.tw/wSite/public/Data/f1247722514378.pdf
079,2008/06/14,您~真的~可以~更~放~鬆~~,游敏玲老師,http://www.counseling.fcu.edu.tw/wSite/public/Data/f1247722602143.pdf
078,2008/06/09,工作壓力知多少,齊隆鯤老師,http://www.counseling.fcu.edu.tw/wSite/public/Data/f1247722773250.pdf
077,2008/06/02,學著放手，讓他變大人,王釋逸老師,http://www.counseling.fcu.edu.tw/wSite/public/Data/f1247722908096.pdf
076,2008/05/27,災難心理衛生簡介,陳斐娟老師,http://www.counseling.fcu.edu.tw/wSite/public/Data/f1247723035352.pdf
075,2008/05/20,你的笑話很「男」笑！—淺談玩笑、性別與權力,王大維老師,http://www.counseling.fcu.edu.tw/wSite/public/Data/f1247723113585.pdf
074,2008/05/13,生活補級站：關係花園,林淑敏實習諮商老師,http://www.counseling.fcu.edu.tw/wSite/public/Data/f1247723192730.pdf
073,2008/05/06,你上癮了嗎,張學善老師,http://www.counseling.fcu.edu.tw/wSite/public/Data/f1247723263223.pdf
072,2008/04/29,心理急救功：安身與安心,陳怡靜老師,http://www.counseling.fcu.edu.tw/wSite/public/Data/f1247723363890.pdf
071,2008/04/22,一堂融合品德教育的創新課程教學方式,陳怡婷老師,http://www.counseling.fcu.edu.tw/wSite/public/Data/f1247723463023.pdf
070,2008/04/15,這是誰的責任,王釋逸老師,http://www.counseling.fcu.edu.tw/wSite/public/Data/f1247723542641.pdf
069,2008/04/08,禁錮的天使,游敏玲老師,http://www.counseling.fcu.edu.tw/wSite/public/Data/f1247723646186.pdf
068,2008/04/01,敘事治療之問題外化的對話,邱瓊慧老師,http://www.counseling.fcu.edu.tw/wSite/public/Data/f1247723734360.pdf
067,2008/03/24,少漠視多關心,潘才學老師,http://www.counseling.fcu.edu.tw/wSite/public/Data/f1247724670132.pdf
066,2008/03/17,來的「正」是時候,林淑敏老師,http://www.counseling.fcu.edu.tw/wSite/public/Data/f1247724759798.pdf
065,2008/03/10,興趣，使您熱愛生命,陳怡靜老師,http://www.counseling.fcu.edu.tw/wSite/public/Data/f1247724836766.pdf
064,2008/03/05,科學心知：瞭解快樂,陳怡婷老師,http://www.counseling.fcu.edu.tw/wSite/public/Data/f1247724910818.pdf
063,2008/02/22,自我調整學習,游敏玲老師,http://www.counseling.fcu.edu.tw/wSite/public/Data/f1247724991220.pdf
062,2008/02/19,永不放棄,王釋逸老師,http://www.counseling.fcu.edu.tw/wSite/public/Data/f1247725145599.pdf
061,2008/01/14,做個善用自我應驗預言的專家,陳怡靜老師,http://www.counseling.fcu.edu.tw/wSite/public/Data/f1247725227637.pdf
061,2008/01/07,勇敢嘗試好重要～三則小故事分享,陳怡婷老師,http://www.counseling.fcu.edu.tw/wSite/public/Data/f1247725325080.pdf
060,2008/01/02,讓自己更快樂更成功--正向思考,齊隆鯤老師,http://www.counseling.fcu.edu.tw/wSite/public/Data/f1247725410376.pdf
059,2007/12/22,談「季節性憂鬱症」,游敏玲老師,http://www.counseling.fcu.edu.tw/wSite/public/Data/f1247725500157.pdf
058,2007/12/17,當你憂鬱時,林淑敏實習諮商老師,http://www.counseling.fcu.edu.tw/wSite/public/Data/f1247725577065.pdf
057,2007/12/10,從學生自殺事件談情緒管理教育,陳斐娟老師,http://www.counseling.fcu.edu.tw/wSite/public/Data/f1247725653294.pdf
056,2007/12/03,認識強迫購物症,張學善老師,http://www.counseling.fcu.edu.tw/wSite/public/Data/f1247725726409.pdf
055,2007/11/26,What you say becomes what you are,邱瓊慧老師,http://www.counseling.fcu.edu.tw/wSite/public/Data/f1247725816062.pdf
054,2007/11/19,男人，麥ㄍㄧㄥ了—淺談男人之間的親密情感,王大維老師,http://www.counseling.fcu.edu.tw/wSite/public/Data/f1247725927830.pdf
053,2007/11/12,中年「扭轉」危機,林淑敏實習心理諮商老師,http://www.counseling.fcu.edu.tw/wSite/public/Data/f1247725999558.pdf
052,2007/11/05,讓溝通更直接，讓彼此更靠近,陳怡靜老師,http://www.counseling.fcu.edu.tw/wSite/public/Data/f1247726077121.pdf
051,2007/10/29,柯羅莎不只是颱風,潘才學老師,http://www.counseling.fcu.edu.tw/wSite/public/Data/f1247726141354.pdf
050,2007/10/22,成長的代價太沈重--好好說再見,王釋逸老師,http://www.counseling.fcu.edu.tw/wSite/public/Data/f1247726510635.pdf
049,2007/10/15,科學心知： 情感呵護比生理照顧更重要嗎？,陳怡婷老師,http://www.counseling.fcu.edu.tw/wSite/public/Data/f1247726596347.pdf
048,2007/10/08,在風停雨停過後,游敏玲老師,http://www.counseling.fcu.edu.tw/wSite/public/Data/f1247726664170.pdf
047,2007/10/01,「安慰」的話，您可以說的更好？,王釋逸老師,http://www.counseling.fcu.edu.tw/wSite/public/Data/f1247726760180.pdf
046,2007/09/26,一封請老師「保密」的感恩信,陳怡靜老師,http://www.counseling.fcu.edu.tw/wSite/public/Data/f1247726852958.pdf
045,2007/09/14,逢甲愛的記事簿 「珍惜」這堂課,陳怡婷老師,http://www.counseling.fcu.edu.tw/wSite/public/Data/f1247726926545.pdf
044,2007/06/20,有你陪伴，真好！,陳盈君老師,http://www.counseling.fcu.edu.tw/wSite/public/Data/f1247727003095.pdf
043,2007/06/11,心裡的感謝--一位曾徘徊生死邊緣學生的心聲,王釋逸老師,http://www.counseling.fcu.edu.tw/wSite/public/Data/f1247727100799.pdf
042,2007/06/04,真實的聲音--來自一位受輔學生的心聲,王釋逸老師,http://www.counseling.fcu.edu.tw/wSite/public/Data/f1247727199793.pdf
041,2007/05/28,「睡好覺」新生活運動,王釋逸老師,http://www.counseling.fcu.edu.tw/wSite/public/Data/f1247727279893.pdf
040,2007/05/21,ON-line俱樂部～網路成癮對身心的影響,陳怡婷老師,http://www.counseling.fcu.edu.tw/wSite/public/Data/f1247727360110.pdf
039,2007/05/14,ON-line俱樂部～你上隱了嗎？,陳怡婷老師,http://www.counseling.fcu.edu.tw/wSite/public/Data/f1247727431432.pdf
038,2007/05/07,認識人格異常（二）,陳盈君老師,http://www.counseling.fcu.edu.tw/wSite/public/Data/f1247727504684.pdf
037,2007/04/30,認識人格異常（一）,陳盈君老師,http://www.counseling.fcu.edu.tw/wSite/public/Data/f1247727642058.pdf
036,2007/04/20,珍惜年輕的生命,王釋逸老師,http://www.counseling.fcu.edu.tw/wSite/public/Data/f1247727718972.pdf
035,2007/04/16,我可以不要吃藥了嗎,王釋逸老師,http://www.counseling.fcu.edu.tw/wSite/public/Data/f1247727785826.pdf
034,2007/04/10,科學心知：樂善好施的人比較長壽,陳怡婷老師,http://www.counseling.fcu.edu.tw/wSite/public/Data/f1247727887695.pdf
033,2007/04/03,為什麼讀書總是三分鐘熱度，難道真的是「懶」？,陳怡婷老師,http://www.counseling.fcu.edu.tw/wSite/public/Data/f1247727969439.pdf
032,2007/03/26,友善的性別環境,陳盈君老師,http://www.counseling.fcu.edu.tw/wSite/public/Data/f1247728058070.pdf
031,2007/03/19,性別主流化,陳盈君老師,http://www.counseling.fcu.edu.tw/wSite/public/Data/f1247728158940.pdf
030,2007/03/12,難以成全的愛,王釋逸老師,http://www.counseling.fcu.edu.tw/wSite/public/Data/f1247728239801.pdf
029,2007/03/05,老師，好久不見,王釋逸老師,http://www.counseling.fcu.edu.tw/wSite/public/Data/f1247728346464.pdf
028,2007/01/15,認識性侵害,陳盈君老師,http://www.counseling.fcu.edu.tw/wSite/public/Data/f1247728436582.pdf
027,2007/01/08,解構性騷擾與性侵害迷失,陳盈君老師,http://www.counseling.fcu.edu.tw/wSite/public/Data/f1247728504576.pdf
026,2007/01/02,一段從失落的愛中站起的故事,王釋逸老師,http://www.counseling.fcu.edu.tw/wSite/public/Data/f1247728573930.pdf
025,2006/12/25,我想長大,王釋逸老師,http://www.counseling.fcu.edu.tw/wSite/public/Data/f1247728646100.pdf
024,2006/12/18,領導人一定要會的～手指激勵操,陳怡婷老師,http://www.counseling.fcu.edu.tw/wSite/public/Data/f1247728728510.pdf
023,2006/12/09,今天，你擁抱了嗎？,陳怡婷老師,http://www.counseling.fcu.edu.tw/wSite/public/Data/f1247728826254.pdf
022,2006/12/04,認識同志小辭典（下）,陳盈君老師,http://www.counseling.fcu.edu.tw/wSite/public/Data/f1247728897232.pdf
021,2006/11/27,認識同志小辭典（上）,陳盈君老師,http://www.counseling.fcu.edu.tw/wSite/public/Data/f1247728996360.pdf
020,2006/11/20,同理的愛,王釋逸老師,http://www.counseling.fcu.edu.tw/wSite/public/Data/f1247729144988.pdf
019,2006/11/13,我現在很忙,王釋逸老師,http://www.counseling.fcu.edu.tw/wSite/public/Data/f1247729238905.pdf
018,2006/11/06,你想具備成功的能力嗎？,陳怡婷老師,http://www.counseling.fcu.edu.tw/wSite/public/Data/f1247729322999.pdf
017,2006/10/30,定義自己的美麗,陳怡婷老師,http://www.counseling.fcu.edu.tw/wSite/public/Data/f1247729402870.pdf
016,2006/10/23,生命的答案‧你知道,陳盈君老師,http://www.counseling.fcu.edu.tw/wSite/public/Data/f1247729484725.pdf
015,2006/10/16,在困境中找尋意義,陳盈君老師,http://www.counseling.fcu.edu.tw/wSite/public/Data/f1247729558399.pdf
014,2006/10/11,他需要的是被「瞭解」,王釋逸老師,http://www.counseling.fcu.edu.tw/wSite/public/Data/f1247729652925.pdf
013,2006/10/04,不當火星人，學看火星文,王釋逸老師,http://www.counseling.fcu.edu.tw/wSite/public/Data/f1247729725090.pdf
012,2006/09/26,學習已經落伍了！,陳怡婷老師,http://www.counseling.fcu.edu.tw/wSite/public/Data/f1247730148611.pdf
011,2006/09/15,一起來當助人者：心理晤談轉介的Q & A,陳怡婷老師,http://www.counseling.fcu.edu.tw/wSite/public/Data/f1247730240548.pdf
010,2006/06/19,讓「活著」趕的上你,王釋逸老師,http://www.counseling.fcu.edu.tw/wSite/public/Data/f1247730308583.pdf
009,2006/06/12,與學生對話的好用問句,陳盈君老師,http://www.counseling.fcu.edu.tw/wSite/public/Data/f1247730410884.pdf
008,2006/06/12,看見遺失的美好,王釋逸老師,http://www.counseling.fcu.edu.tw/wSite/public/Data/f1247730482363.pdf
007,2006/06/12,我受歡迎嗎,陳盈君老師,http://www.counseling.fcu.edu.tw/wSite/public/Data/f1247730550280.pdf
006,2006/06/12,大一新生性別平等EQ指數,陳怡婷老師,http://www.counseling.fcu.edu.tw/wSite/public/Data/f1247730619668.pdf
005,2006/06/08,3分鐘快樂法則,陳怡婷老師,http://www.counseling.fcu.edu.tw/wSite/public/Data/f1247730707493.pdf
004,2006/06/08,我該怎麼幫他？？？？？,王釋逸老師,http://www.counseling.fcu.edu.tw/wSite/public/Data/f1247730793353.pdf
003,2006/06/08,我被性騷擾了,王釋逸老師,http://www.counseling.fcu.edu.tw/wSite/public/Data/f1247730860212.pdf
002,2006/06/08,您健康嗎？？？？簡易健康量表做做看,王釋逸老師,http://www.counseling.fcu.edu.tw/wSite/public/Data/f1247730940365.pdf
001,2006/06/08,從卡奴充斥的社會現象 談對學生的生命關懷,陳怡婷老師,http://www.counseling.fcu.edu.tw/wSite/public/Data/f1247731010540.pdf
